ID,LIMIT_BAL,SEX,EDUCATION,MARRIAGE,AGE,PAY_0,PAY_2,PAY_3,PAY_4,PAY_5,PAY_6,BILL_AMT1,BILL_AMT2,BILL_AMT3,BILL_AMT4,BILL_AMT5,BILL_AMT6,PAY_AMT1,PAY_AMT2,PAY_AMT3,PAY_AMT4,PAY_AMT5,PAY_AMT6,default payment next month
27620,20000,2,2,2,22,0,0,0,0,0,0,15247,16561,17280,18431,18341,19569,1575,1294,1596,655,1669,0,1
28069,100000,2,2,2,40,0,0,0,0,0,0,92393,85345,76109,77068,77868,75954,3500,3500,3300,3000,3000,3000,0
22622,130000,2,2,2,44,0,0,0,0,0,0,128854,111896,116183,115034,88163,87388,4000,6097,4085,3007,3028,3000,0
23730,50000,2,3,1,52,0,0,0,0,0,0,11463,12763,14149,15162,15463,15788,1500,1600,1252,553,574,747,0
11536,320000,1,1,1,45,-2,-2,-2,-2,-2,-2,37361,21796,10798,9198,2314,14497,21903,10832,9244,2325,14568,29249,0
28932,280000,2,1,1,35,0,0,0,0,0,0,171057,173712,177913,182942,186892,197661,7000,7000,8000,7000,14000,8000,0
27558,730000,1,3,1,56,0,0,0,0,0,0,746814,374028,351588,86927,66111,38491,20500,16500,3000,2000,2000,5000,0
17654,10000,2,2,1,46,1,2,2,2,2,2,7660,8689,8403,9505,8889,10263,1306,0,1735,0,2000,0,1
18784,420000,2,1,2,27,0,0,0,0,0,0,41354,45723,33124,31987,23703,22776,7004,9000,7000,5000,5000,10433,0
22766,180000,2,2,2,36,-1,-1,-1,-1,-1,-2,360,2240,6071,1554,0,0,2240,6071,1554,0,0,0,1
25754,100000,2,2,2,31,1,-2,-1,-1,-1,-2,0,0,680,837,0,0,0,680,837,0,0,0,0
29170,20000,2,3,1,56,1,3,2,2,0,0,9061,8769,9680,9376,9720,10962,0,1200,0,500,1400,0,1
2193,500000,1,1,1,38,0,0,0,0,0,0,419487,389605,309466,246519,247263,251389,13000,20000,15000,9322,10000,10000,0
5921,200000,2,1,2,30,-1,-1,-1,-1,-1,-1,105,271,588,111,305,432,271,588,111,305,432,0,1
7191,100000,2,2,2,33,0,0,0,0,0,0,61089,81262,59110,70052,84659,57648,30010,10047,20000,17000,5000,10000,0
23420,150000,2,2,1,32,1,-1,0,0,0,0,-1474,137049,145900,146168,149712,-288,140916,10000,3119,3744,0,57916,0
9400,100000,2,3,2,66,0,0,0,0,0,0,82583,83398,85103,86802,88912,90400,3035,3100,3100,3500,3500,7100,1
22821,290000,2,1,2,46,0,0,-1,-1,-1,-1,113618,289002,1332,21429,2228,156721,34507,1343,21542,2239,156733,7219,0
24437,260000,1,1,2,37,-2,-2,-2,-2,-2,-2,256,188,188,198,217,1825,188,188,198,217,1825,198,0
19149,110000,2,3,1,37,0,0,0,0,0,0,104691,103655,85761,87336,39025,40242,5000,5000,4000,3700,2000,2000,0
11931,10000,2,5,2,21,0,0,0,0,0,-2,7691,8107,8036,8099,0,0,1192,1000,162,0,0,0,0
17622,20000,2,1,2,31,-1,-1,-1,-1,-1,-1,416,416,0,416,416,416,416,416,832,416,416,416,0
18786,210000,2,1,2,27,0,0,0,0,0,0,16186,16914,18288,19301,19383,19940,1300,1650,1620,700,870,880,0
27762,50000,2,2,1,24,0,0,0,-1,0,0,20173,15509,7085,10358,8606,2740,1500,2008,10358,1000,1000,4438,0
27425,140000,1,2,1,40,0,0,0,0,0,0,139282,138095,140725,139401,103929,101148,4945,5254,4861,3649,3653,3700,1
21278,20000,1,2,1,50,0,0,0,0,0,2,5519,6620,7556,8570,10020,9715,1200,1200,1300,1600,0,600,0
2360,300000,1,2,2,35,0,0,0,0,0,0,276536,206885,169901,170540,152188,101485,26531,10017,9123,10259,5079,3816,0
28628,210000,2,1,2,31,-1,-1,-1,-1,-1,-1,1983,422,815,191,-174,472,422,815,191,0,646,1125,0
19224,330000,2,1,2,38,-2,-2,-2,-2,-2,-2,0,0,0,0,0,0,0,0,0,0,0,0,1
17188,70000,2,1,2,29,0,0,0,2,2,2,40048,40783,44205,44784,43763,46646,1700,4100,1600,0,3600,2000,0
9691,280000,2,3,2,43,0,0,0,0,0,0,194868,178774,172045,175487,179270,183394,7000,7000,6200,6500,7000,7000,0
24445,150000,1,1,2,48,0,0,0,-1,-1,-1,104320,82478,73465,10000,10000,10000,2433,1786,10000,10000,10000,0,0
2133,50000,1,2,2,31,1,2,0,0,2,0,16617,16061,17082,18969,18524,18947,0,1294,2181,0,731,586,0
25796,80000,2,2,1,45,0,0,0,0,0,0,77995,79552,81392,80966,79295,81142,2855,3130,3107,2847,3134,3072,0
28980,150000,2,1,2,35,2,2,0,0,0,0,55337,53851,53710,48797,49928,51106,0,2503,2000,1804,2000,2000,1
22633,230000,2,1,1,38,1,-1,-1,-1,-2,-2,828,1533,7234,824,4690,1408,1547,7247,828,4713,1415,1820,0
25608,500000,2,2,1,38,-1,-1,0,0,0,0,250,1384,6324,7353,5536,8321,1384,5000,1224,3003,3506,3552,0
22545,200000,2,1,1,48,-1,-1,-1,-1,-1,-1,657,0,2080,3567,0,1731,0,2080,3567,0,1731,1081,1
13589,30000,2,3,1,57,0,0,0,0,0,0,17779,19097,19816,18471,16305,0,2000,1500,1000,841,0,1030,0
29764,80000,1,2,1,32,0,0,0,0,0,0,81249,81117,81140,80567,59560,40390,3000,3300,2602,1800,1432,1520,0
4835,120000,2,3,2,26,0,0,-2,-1,0,0,22492,-2018,-718,1282,81988,83665,1534,1300,2000,81899,3200,4000,0
250,50000,1,3,1,46,0,0,0,0,0,0,35713,15392,16099,16418,16765,17484,1561,1268,587,611,1000,2000,0
18223,200000,1,2,2,48,0,0,0,0,0,0,111664,113884,116545,120396,121486,121518,4080,4500,5800,4500,5000,5000,0
27803,290000,2,1,2,26,-1,0,0,-1,0,0,55758,7970,7106,8901,16813,15723,5029,5035,8925,11030,5077,3425,0
2967,50000,1,3,1,46,0,0,0,0,0,0,49083,27822,28702,29119,29240,28664,1463,1733,1150,1480,1200,3135,0
26676,50000,1,2,2,24,0,0,0,0,0,0,50603,50116,48063,43787,9226,9628,2500,2505,2531,530,2000,1000,0
24568,280000,1,3,1,39,-1,-1,-1,0,0,0,1466,1466,25482,24942,23944,23068,1473,25489,1348,816,934,20007,0
9743,150000,1,2,2,27,0,0,0,0,0,-1,12593,39494,33616,24519,10656,30168,38018,1203,41,2587,31382,11027,0
8720,100000,1,1,2,27,0,0,0,0,0,0,70204,63931,65119,61153,64976,66309,4000,2276,2377,5000,2411,2384,0
13648,120000,2,1,2,30,-1,2,-1,-1,-1,-1,330,165,165,0,165,0,0,165,0,165,0,0,1
20068,500000,2,1,2,45,0,0,0,0,0,0,87206,90487,19892,20377,32177,41677,5303,10000,1200,12000,10000,0,0
3418,320000,2,3,1,30,0,0,0,0,0,0,49889,51151,48449,48948,49967,36697,2825,2961,1600,1579,1692,1068,0
1331,150000,1,1,2,28,-2,-2,-2,-2,-2,-2,0,0,0,0,0,0,0,0,0,0,0,0,0
28416,100000,2,2,2,29,0,0,0,0,0,0,87133,79469,75452,69257,62005,60882,3400,3350,3000,2400,2500,2382,0
27088,20000,1,3,1,39,-1,2,2,2,-1,-1,780,780,390,0,780,0,390,0,0,780,0,0,0
11976,70000,1,2,2,25,0,0,0,2,2,2,50224,58639,11512,10586,20389,17369,10000,10000,0,10000,0,33000,0
22362,200000,2,2,1,30,0,0,2,0,0,0,33604,35706,34064,30519,26166,28097,3000,1500,2547,2500,2500,3500,0
17313,60000,2,3,1,48,-1,-1,-1,-1,-1,-1,4823,5471,8422,4377,3910,2431,5491,9683,4377,3918,2431,2120,1
14041,500000,2,2,2,38,-1,-1,-1,-1,-1,-1,18410,-10,1429,-601,120195,976,0,1439,0,120796,981,4829,0
27708,150000,2,1,2,25,0,0,0,0,0,0,87822,83850,56931,96867,95085,69199,2575,2569,45000,5000,3312,1598,0
15056,200000,1,1,1,39,0,0,0,0,0,2,132589,135286,139725,142605,149894,153054,4900,6600,6700,11200,5700,5900,1
24120,360000,1,1,2,28,-1,-1,0,0,0,0,9179,10977,14190,16328,17383,17194,10977,8500,4000,1700,371,1150,0
24556,100000,1,1,1,31,0,0,0,0,0,0,91176,95664,99226,99838,21435,0,6000,6000,4000,5000,0,0,0
21775,20000,2,1,2,24,2,-1,2,0,0,0,1015,19214,15703,9914,8200,11876,19214,0,1000,0,5000,5400,1
8326,200000,2,1,2,32,0,0,0,0,0,0,47517,8219,9000,10000,11340,0,1219,1000,1000,1340,0,0,0
5948,90000,2,2,1,24,-2,-2,-2,-2,-2,-2,91272,91337,88129,76209,65295,27224,5000,3069,2028,2110,2142,39245,0
11594,170000,2,2,2,27,1,-1,0,0,0,0,-1020,25607,23922,24399,24919,26884,27107,1500,863,903,3000,6186,0
4110,230000,1,1,2,32,-2,-2,-2,-2,-2,-2,489,0,1257,0,1169,641,0,1257,0,1169,641,0,0
13476,30000,2,2,1,56,0,0,2,0,0,2,11564,14099,13580,13657,16356,16540,3042,0,600,2942,600,0,0
4715,160000,2,2,2,35,0,0,0,0,0,0,124459,130916,132179,135030,135656,135448,10000,5000,4854,10000,6000,4000,0
18266,50000,1,3,1,51,0,0,0,0,0,0,47877,48519,46538,45465,18654,19042,2516,2106,2048,783,806,652,0
6054,230000,2,1,1,51,-1,-1,-1,-1,-1,-1,986,2295,2754,74,3381,2308,2295,2764,74,3381,2308,2381,1
13942,50000,1,3,1,49,0,0,0,-2,-2,-2,50180,51400,0,0,0,0,2400,0,0,0,0,0,1
20999,200000,1,2,1,32,-1,-1,0,0,-1,-1,80,89691,91517,72739,389,389,90001,3935,3759,390,390,390,0
9925,210000,2,2,1,37,-2,-2,-2,-2,-2,-2,1094,1335,3056,213,825,1240,1335,3056,213,825,1240,5693,0
26493,160000,2,1,1,58,-2,-2,-2,-2,-2,-2,749,3883,3584,1830,390,390,3894,3594,2246,390,390,390,1
8499,10000,1,2,2,34,0,0,0,0,0,0,8097,9109,10125,10327,10552,18836,1151,2167,369,391,436,200,0
135,30000,2,2,2,22,0,0,0,0,0,0,28452,26145,26712,25350,17603,-780,2000,1400,0,500,0,1560,0
28956,380000,2,1,2,33,0,0,0,0,0,0,89842,88898,63203,44889,44276,31799,8000,8009,7000,6000,10500,8500,0
5828,280000,2,1,2,38,-1,0,0,-1,0,-1,17878,14011,30079,13139,13989,15559,2000,30000,14000,1000,16000,0,1
13947,100000,1,6,2,51,2,0,0,0,0,0,101658,97937,98893,101044,96045,97227,4134,3952,3611,3298,3401,3415,0
12687,180000,2,2,2,28,0,0,0,0,0,0,103203,108032,109741,112907,115924,118832,6500,5000,5000,5000,5000,5000,0
12133,280000,2,1,2,27,0,0,0,0,0,0,160889,165400,166712,170059,154387,157832,9000,6000,6000,6000,6000,6000,0
24041,60000,1,1,2,26,-1,-1,0,0,0,0,1870,32603,32432,27976,25862,24571,32607,2119,3008,1006,1042,1001,0
3993,20000,1,2,2,22,3,2,2,3,2,2,17710,17137,19830,19240,18419,20126,0,3000,0,0,2000,0,1
17075,200000,2,2,2,25,0,0,2,0,0,0,175435,195581,190716,132731,129960,66747,24720,0,6000,40450,13000,5000,0
906,30000,2,2,2,27,-1,-1,2,0,-1,2,27772,30461,29325,21449,29709,29086,3136,0,0,29709,0,1576,0
22660,150000,2,3,2,48,0,0,0,0,0,0,175095,175522,173918,174074,178671,178869,10011,6200,5874,10000,6054,7108,0
8392,320000,2,2,1,55,-2,-2,-2,-2,-2,-2,11973,4076,7879,5436,51529,18088,4093,7917,5459,51787,18178,3659,0
25205,120000,2,1,2,23,0,0,0,0,0,0,117035,115624,117204,116835,77926,76993,6000,6000,4000,4000,3000,3500,0
18933,200000,2,1,2,31,1,-2,-2,-1,-1,-1,4035,4195,0,2907,2400,945,4210,0,2907,2400,945,0,0
18311,450000,2,1,1,36,-2,-2,-2,-2,-2,-2,3961,2483,74,-73,14590,-70,2495,100,0,14663,0,14121,0
17911,100000,1,2,2,28,2,0,0,0,2,0,58566,56770,56300,54288,25759,25775,5100,2825,5000,0,2000,0,1
19842,130000,2,1,1,33,0,0,0,0,0,0,63505,64121,66351,73399,71007,71253,5000,5000,10000,3000,3000,3228,0
18349,50000,2,1,2,23,0,0,0,0,0,0,8889,10234,13734,14754,16499,18223,1500,4000,1255,2000,2000,3000,0
23880,360000,1,1,2,27,-2,-2,-2,-2,-2,-2,2807,894,5939,1390,-5,-5,898,5970,1396,0,0,0,0
11185,180000,1,2,2,29,1,2,0,0,0,0,191262,183554,164619,133372,92101,60389,0,7100,5500,3500,3000,30000,0
26771,200000,1,1,2,29,-1,-1,-1,-1,-1,-1,3773,3990,9048,4700,800,4082,4029,9048,4700,800,4082,0,0
3971,250000,1,1,1,31,-2,-2,-1,-1,-1,-1,3759,17694,14505,4757,11357,6679,8873,14548,4771,11491,6896,890,0
19352,120000,2,2,1,40,1,2,3,2,3,2,57816,62139,60584,63871,62251,63443,5900,0,4900,0,2500,2500,1
4710,290000,1,1,1,44,-1,-1,-1,-1,-1,-1,19213,33274,17495,1528,4176,189,33548,17732,1862,4188,189,7324,0
18127,160000,1,3,1,42,-1,0,0,0,0,0,75847,89094,88956,62768,64410,82919,30000,4326,4000,3000,20000,3500,0
6797,30000,1,3,1,47,0,0,2,0,0,-2,27609,30791,29913,30461,0,0,3630,0,1300,0,0,0,0
15055,470000,1,2,1,35,0,0,0,0,0,0,170812,172332,177566,182074,183417,185608,6500,8000,9000,7000,8000,8000,1
1462,120000,1,1,2,36,0,0,2,0,0,2,24466,28255,27507,27952,31136,30486,4500,0,1200,3800,0,1500,0
20422,120000,1,2,2,26,-2,-2,-2,-2,-2,-2,316,316,316,316,316,316,316,316,316,316,316,316,0
6168,500000,1,1,1,33,1,-2,-2,-2,-1,0,2907,-110,-110,-310,82690,84529,9,0,0,83000,3000,4561,0
26584,360000,1,1,1,34,0,0,0,-1,-1,-1,3187,3758,-1360,113091,114251,117922,1025,1361,116380,4001,5001,4001,0
29993,10000,1,3,1,43,0,0,0,-2,-2,-2,8802,10400,0,0,0,0,2000,0,0,0,0,0,0
26897,10000,1,3,1,35,0,0,0,0,0,0,7536,8152,8779,9379,9565,9062,1136,1153,1143,329,418,180,1
20677,200000,1,3,2,32,-1,-1,0,-1,0,-1,4881,6685,34484,13361,5540,12495,6691,30088,13378,127,12502,109,0
17618,410000,2,1,2,31,0,0,0,0,0,0,309531,313646,270317,209076,191671,192848,11270,15325,9099,7016,7703,100000,0
416,50000,2,3,1,35,-1,-1,-1,-2,-2,-2,22500,5000,0,0,0,0,5000,0,0,0,0,640,0
9960,80000,2,2,2,50,0,0,-1,-1,-1,-1,8985,5305,2992,2984,2992,2992,2000,2992,2984,3000,2992,2992,0
5898,370000,2,1,2,35,0,0,-2,-1,-1,0,40229,-101,-101,2329,156619,155988,0,0,2430,161450,6035,6439,0
5944,100000,2,1,1,38,0,0,0,0,0,0,66762,68566,65132,48738,51020,51948,5000,2436,3000,3000,2000,3000,0
1728,60000,2,2,1,42,2,2,0,0,0,0,57598,50821,19638,18919,16853,29682,0,2000,2000,1000,20000,10000,1
3280,170000,2,2,1,48,-2,-2,-1,-1,-1,-1,18727,64028,107946,13608,110667,6878,66513,108323,13608,112876,3998,1118,0
28709,360000,2,1,1,48,0,0,0,0,0,0,202783,202036,202918,202197,199002,197781,10000,10000,10000,7500,8000,8000,0
26197,310000,2,2,1,33,0,0,0,0,0,0,86513,82406,81964,74927,71636,66409,4000,3505,3500,2000,2200,3000,0
17579,150000,2,3,1,46,0,0,0,0,0,0,61510,62731,64047,65966,66671,68067,2240,2321,2980,2400,2468,2611,0
7581,360000,1,1,1,38,0,0,0,0,0,0,277523,117239,121284,93951,58200,52585,4013,90054,9011,3007,2592,1013,0
2348,260000,2,2,2,25,0,0,0,0,-1,0,16373,15249,15018,15520,3491,5651,5006,5000,5000,3491,3000,2000,1
24066,20000,1,1,2,23,-1,-1,-1,-1,-1,-1,14697,11983,4098,14899,10170,7151,12483,4098,14899,10170,427,0,0
14267,290000,2,2,1,37,0,0,0,0,0,0,277449,271080,280510,198869,222558,134187,52000,40504,20000,30003,15004,4012,0
216,30000,1,3,1,42,-1,-1,-1,-1,-1,2,390,390,390,240,1320,780,390,390,240,1470,0,0,0
24823,180000,1,1,2,31,-2,-2,-2,-2,-2,-2,3580,0,0,0,7108,1300,0,0,0,7108,1300,0,0
316,60000,1,2,2,23,0,0,0,0,0,0,49507,33282,34312,17277,17808,19346,1970,2000,618,809,2000,616,1
22767,360000,2,2,1,39,-1,-1,-1,-1,-1,-1,26680,22312,19181,16155,5936,15330,22434,19286,16243,5966,15407,43019,0
18371,30000,2,3,1,23,2,2,2,0,0,2,15003,15955,15410,17149,18362,18919,1500,0,2000,1500,1000,700,1
4508,30000,1,3,2,42,5,4,3,2,0,0,32755,31973,30937,29999,29214,29846,0,0,6,1054,1111,0,1
22877,50000,2,3,1,31,0,0,0,0,0,0,10184,12204,13239,15254,16394,18124,2204,1239,2254,1394,2000,1019,0
13084,20000,1,1,2,35,3,2,2,2,0,0,10216,10653,11371,10906,11588,12416,900,1200,0,1000,1400,0,1
4749,80000,1,1,2,24,-1,0,-1,2,-1,0,2130,3100,173,173,3435,11962,1010,173,0,3438,10004,5500,0
24603,230000,1,1,2,28,0,0,0,0,0,0,28534,27104,24415,29002,12415,10607,15222,10016,10083,5030,5003,5043,0
17515,390000,2,2,1,41,0,0,0,0,0,0,216622,214504,212726,210556,208317,205339,7244,7500,7228,7103,7214,7000,0
7176,150000,2,3,1,55,-2,-2,-2,-2,-2,-2,1194,2095,2154,2900,2512,3514,2101,2160,3046,2519,3625,0,0
11386,130000,2,2,2,27,-1,-1,-1,-1,-1,-1,390,390,390,390,390,380,390,390,390,390,380,400,0
864,10000,2,2,1,31,0,0,0,0,0,0,15915,9050,9901,9975,9736,8703,2330,2200,1000,333,311,322,0
26050,170000,2,2,1,37,-1,0,0,0,0,0,168719,166207,158403,146324,118981,113666,7000,7000,6011,5000,6000,9000,0
11700,20000,1,2,1,53,0,0,0,0,0,-2,12278,13209,7215,1520,0,0,1500,1060,30,0,0,0,0
18875,120000,2,1,2,26,1,2,2,0,0,0,3730,5006,4782,6041,6784,6826,1500,0,1500,1000,300,406,0
9763,90000,2,1,2,26,-1,-1,-1,-2,-1,-1,13416,5206,0,0,1980,170,7380,0,0,1980,170,1397,1
16754,80000,1,1,1,36,1,2,3,2,-1,-1,8415,10305,9979,1261,1261,1261,2181,0,0,1261,1261,1261,1
1638,30000,2,3,2,40,2,2,2,2,0,0,23687,23020,25218,24514,25030,25557,0,2579,0,909,944,4642,0
18249,60000,1,3,1,50,0,0,0,0,0,0,59703,59837,48187,42658,40587,40605,2047,2168,1642,1563,1600,1486,0
22472,140000,2,3,1,45,-1,-1,-1,-1,-1,-1,1352,381,2281,437,1320,300,381,2290,437,1320,300,0,0
24128,230000,1,2,1,28,0,0,0,-1,0,0,231357,233543,99033,237008,184695,185116,10000,7000,237008,6488,6605,6800,0
3772,280000,1,1,1,42,-2,-1,-1,0,0,-2,1751,22046,63729,55664,31014,28903,22909,64167,1113,32000,578,1768,0
14834,30000,1,3,2,50,2,0,0,0,0,0,46868,42397,38569,33570,19895,30125,1800,2200,1400,2000,30000,997,1
26529,230000,2,2,1,56,-2,-2,-2,-2,-2,-2,10511,2381,2580,48310,6390,7194,2381,2580,48342,6390,7194,13250,1
18284,190000,1,1,1,54,0,0,0,0,0,0,205824,201269,197129,192803,161324,156576,7154,7385,7520,5593,6000,5516,0
8368,140000,2,2,2,29,0,0,0,0,0,0,128583,132734,132135,126622,127495,119304,7000,5000,5000,6000,6000,5300,0
17796,470000,2,2,1,54,1,2,0,0,0,0,358581,351295,358671,367492,374249,381132,0,13033,14800,14359,13897,14425,0
8988,150000,2,1,2,35,0,0,2,2,0,0,128102,136722,137525,133431,135837,143319,12644,4926,0,5122,10349,0,1
8034,50000,1,2,2,25,0,0,-1,0,0,-1,27206,0,14805,14699,14999,497,0,14805,294,300,498,1003,0
10930,50000,1,1,2,22,0,0,0,0,0,0,13444,14819,15967,16599,17329,17888,1600,1700,1200,1000,1000,1000,0
13044,500000,2,1,1,47,0,-1,-1,0,0,2,12943,4814,18365,8728,28521,27920,5025,18571,5000,20000,0,5000,0
26648,40000,1,1,2,26,2,0,0,2,2,0,36460,37549,40527,41036,39103,38945,2000,3900,1500,0,1600,1600,1
12044,20000,2,3,1,52,0,0,2,0,0,0,9410,11840,11260,11260,11260,0,2600,0,0,0,0,0,0
2939,150000,1,2,1,31,2,2,0,0,0,0,156286,148841,134757,85874,84665,78130,57,6203,2819,3109,2842,3024,0
14465,500000,2,3,1,36,0,0,0,0,0,0,70016,70837,63488,32050,46393,35207,2568,2000,1285,15000,1520,6994,0
3624,210000,1,1,2,36,0,0,0,0,0,0,210463,109132,47182,37067,24511,22634,5187,2043,1552,2013,3002,3003,1
18231,300000,1,3,1,56,0,0,0,0,0,-1,110350,102556,103834,99368,101600,560,4052,6122,1987,2232,560,0,0
24552,270000,1,1,1,37,0,0,0,0,0,0,174532,167536,171865,176167,105523,45258,6900,7900,8800,4700,2100,60000,1
11027,50000,1,1,2,25,0,0,0,0,0,0,40181,66569,19281,18679,12980,8592,1500,2400,5700,8000,3062,1000,1
26,50000,1,3,2,23,0,0,0,0,0,0,47620,41810,36023,28967,29829,30046,1973,1426,1001,1432,1062,997,0
29442,300000,1,1,2,30,0,0,0,0,0,0,237372,243409,250477,254808,260562,266200,10000,11000,10000,10000,10000,10000,0
14409,50000,2,1,2,23,0,0,0,0,0,0,33959,35409,36120,36991,37744,39115,2000,1601,1472,1500,2000,5000,0
17781,100000,2,3,1,60,-1,-1,3,2,-1,-1,2178,4944,4709,2234,2267,2168,7300,0,0,2300,2168,2300,0
17464,140000,2,2,1,40,-1,-1,-1,-1,-1,0,815,8397,390,390,780,390,8419,390,390,780,0,390,1
22425,180000,2,1,2,40,-2,-2,-2,-2,-2,-2,0,0,1040,258,0,0,0,1040,258,0,0,0,0
5207,160000,2,1,1,53,0,0,0,0,0,0,52607,53548,56214,57246,58443,59883,2834,3500,2500,2207,2500,2300,0
3135,180000,2,1,2,28,0,0,0,0,0,-1,12595,18704,24410,29184,7325,326,7000,7000,7000,5000,326,7276,0
25001,410000,1,1,1,38,-1,-1,-1,-1,-2,-2,499,0,35509,0,0,0,0,35509,0,0,0,0,0
20403,80000,1,2,2,24,2,2,-2,-1,0,0,1430,0,0,872,22872,20641,0,0,872,22000,2002,2001,0
21713,110000,2,1,2,23,0,0,0,0,0,0,50346,54489,58602,62001,65334,69097,5000,5000,5000,5000,5000,2707,0
22215,80000,2,2,1,27,0,-1,-1,-1,-1,-1,20417,3061,7920,2830,3092,2315,3082,7932,2838,3112,2333,0,0
11261,20000,2,3,1,54,0,0,2,0,0,2,6268,8221,6997,8028,9510,8815,3000,0,3000,2000,0,5363,0
22863,150000,2,1,2,31,2,2,2,2,2,0,17893,20669,20050,24701,24006,26599,3400,0,5000,0,3000,3000,1
16775,20000,1,2,2,34,0,0,0,2,0,0,17676,17650,18740,18373,18768,19315,2000,2500,1000,1000,1000,2000,0
27741,50000,2,1,2,25,0,0,0,0,0,0,50051,46768,48124,48171,19401,19412,1754,2500,1781,2000,695,1000,0
26960,350000,1,1,1,34,0,0,0,0,0,0,120198,122480,82329,85252,76222,67243,5900,3300,4089,3000,2400,2551,0
24732,500000,1,1,2,30,-2,-2,-2,-2,-2,-1,24349,9543,53947,84388,26154,175790,9605,54218,84839,26283,175857,4914,0
14480,230000,1,1,1,47,1,-2,-2,-2,-2,-2,0,0,0,0,0,0,0,0,0,0,0,0,0
27144,60000,1,2,2,30,-1,-1,2,-1,-1,-1,921,1498,749,749,58852,6295,1498,0,749,58852,6295,0,0
2327,80000,2,2,2,40,0,0,0,0,0,0,33918,50878,51787,52422,53608,50312,20000,2400,2000,2100,2500,2000,0
6669,50000,1,3,1,51,0,0,0,0,0,0,42257,44243,64104,33406,34104,34869,3000,2500,1985,1163,1256,1316,0
27563,20000,1,3,1,53,0,0,0,0,0,0,19084,19224,18545,19405,19358,19413,1300,1400,1300,700,700,646,0
2262,100000,1,3,2,30,0,0,0,0,0,0,46675,46567,46638,46454,46262,47823,1800,2000,1700,1683,3500,1500,1
26683,20000,1,1,2,27,0,0,0,0,0,0,39628,20571,19089,19658,19453,19108,1610,1323,1600,830,700,674,0
6391,150000,2,2,2,33,-1,0,0,0,0,0,46006,45425,32139,53639,51873,64675,2000,3000,40009,5000,20000,62339,0
18671,20000,2,2,2,22,0,0,0,0,0,0,15499,16505,35110,19495,19019,18134,1270,1320,2260,784,1000,2000,1
9378,130000,2,2,1,37,0,0,0,0,0,0,3811,8692,10467,10067,12567,12567,5000,2000,0,2500,0,0,1
6994,180000,2,1,2,28,1,-2,-2,-2,-2,-2,0,0,0,0,0,0,0,0,0,0,0,0,0
8598,280000,1,1,2,27,-1,-1,-1,-1,-1,-1,5521,-7,1485,5727,1247,2037,7,1492,5727,1247,2037,26920,0
3824,200000,1,2,1,39,-2,-2,-2,-2,-2,-2,15109,3139,12840,3950,7688,2241,3155,12848,3950,7690,2241,2795,0
24976,90000,1,2,1,44,0,0,0,0,0,0,16420,17441,18467,19554,20028,20704,1300,1313,1400,800,1000,800,0
26010,110000,2,2,1,33,0,0,0,0,0,0,15605,20649,22397,23305,25341,30584,5649,2397,1305,2341,5584,1388,0
26496,210000,2,1,1,52,-1,-1,-1,-2,-1,-1,262,738,0,0,1858,45,738,0,0,1858,45,3667,0
6557,20000,1,2,2,22,3,2,2,3,2,2,16014,15474,19739,19194,38414,19200,0,4900,0,800,800,500,1
9814,100000,2,3,1,53,0,0,0,0,0,0,36838,37785,32905,29866,30503,28518,1607,1385,971,1018,984,810,0
10151,160000,1,1,2,42,-2,-2,-2,-2,-2,-2,51997,0,0,0,0,0,0,0,0,0,0,0,0
29441,140000,1,2,1,29,0,0,0,0,0,0,14544,22376,28746,36395,46358,49946,8376,7000,8395,10546,4400,7892,0
13756,440000,1,1,2,30,0,0,0,0,0,0,50735,52938,54190,45962,47421,49512,3000,3000,2000,2150,3000,3000,0
20157,150000,2,2,1,40,0,0,0,0,0,0,87105,82772,75928,66245,61833,62375,3000,3504,2300,2199,2414,2500,0
1761,290000,2,1,1,33,1,2,-1,-1,-1,-1,7064,1875,1814,8537,25576,13475,0,1814,8537,25576,13475,6000,0
28821,30000,2,5,2,46,0,0,2,0,0,-2,29213,17064,16465,16977,0,0,5064,0,5047,0,0,0,0
22003,250000,2,2,2,29,0,-1,-1,-2,-1,-1,20687,14082,-38,-38,7581,5625,14158,0,0,7619,5653,652,0
21911,300000,2,2,2,24,0,0,0,0,0,0,16463,11537,9265,7263,14145,11535,1500,1500,1500,9433,2000,3000,0
8295,140000,1,1,2,28,0,0,0,0,0,0,135648,138049,99274,100878,102984,106628,5247,3213,2857,2963,4566,1969,1
12945,180000,2,3,1,33,-1,0,0,0,0,-1,170126,171247,156803,159342,10400,20650,5950,7133,7369,600,20650,21650,0
17625,180000,2,1,2,32,-1,-1,2,2,0,0,10831,17816,18247,33230,5168,0,7201,1000,0,103,0,0,1
12016,100000,2,2,1,36,1,2,2,2,0,0,79695,77855,83945,81702,83232,84947,0,7400,0,3000,3100,3400,1
8439,170000,2,3,1,46,-1,-1,-1,-1,-1,0,246,123,5436,1229,93787,95816,123,5436,1229,93970,4000,3348,0
23736,230000,2,2,2,51,0,0,0,0,0,0,213457,226037,213682,219016,172407,163690,17000,10000,10000,10000,10000,10000,0
1255,290000,1,1,1,46,0,0,0,0,0,0,194301,199451,198684,87700,88621,53243,10744,6000,1573,1629,3129,105423,0
1360,470000,2,2,2,32,0,0,0,0,0,0,147113,133486,125159,120869,60507,53100,5000,4500,2505,50000,3000,3000,0
20176,200000,2,2,1,34,-1,0,0,0,0,0,7271,9133,10972,12757,13069,13334,2000,2000,2003,1008,2029,1000,0
8330,80000,1,1,2,36,0,0,0,0,0,0,68931,67706,67017,65159,64152,65208,2500,3000,2244,2478,4800,0,0
18561,300000,2,4,2,24,-1,-1,-1,-1,-1,-1,2892,4009,4725,2595,2110,20984,4039,4751,2600,2110,20984,4366,0
25239,150000,2,1,2,26,0,0,0,0,-1,-1,38580,38168,37775,36390,390,390,2000,3473,1000,390,390,390,0
26488,80000,2,3,1,50,-1,-1,-2,-2,-2,-2,7506,0,0,0,0,0,0,0,0,0,0,3106,0
2278,160000,2,3,1,53,-1,-1,-1,-1,-1,-1,2475,2475,5175,2475,3975,8175,2475,5175,2475,3975,8175,138,0
27125,270000,1,1,1,40,0,0,0,0,0,0,3686,4699,5718,6727,6861,7005,1084,1103,1112,246,255,651,0
9046,230000,2,3,2,54,0,0,0,0,0,0,66108,45000,33477,34914,36352,37745,6840,3000,2000,2000,2000,2000,0
19967,370000,2,1,1,36,-2,-2,-2,-2,-2,-2,2788,25790,3007,4246,3737,2290,25794,3007,4305,3737,2290,22259,0
25389,320000,2,1,2,28,-2,-2,-2,-2,-2,-2,0,0,0,0,1999,1999,0,0,0,1999,1999,1999,0
10038,390000,2,3,2,30,0,0,0,0,0,0,338174,256104,221739,184529,175781,173442,8738,6545,6601,5700,6100,5000,0
10339,200000,1,1,2,32,1,2,2,2,2,2,18726,18141,20838,20217,22896,22400,0,3000,0,3000,0,3000,1
18957,130000,2,5,2,39,-1,-1,-1,-1,-1,-1,264,264,264,264,0,678,264,264,264,0,942,0,0
7662,50000,1,2,2,45,0,0,0,0,0,0,48406,49880,47206,19189,19008,19687,2286,1302,678,695,1000,687,1
24454,110000,1,5,1,36,0,0,0,0,0,0,58949,60131,61329,62402,63112,64325,3000,3000,3000,2500,3000,2500,0
20297,180000,2,2,1,52,0,0,0,0,0,0,76538,71888,65832,51621,51191,49918,3200,2200,1800,2000,1800,1500,0
11042,50000,1,2,2,25,1,2,0,0,-1,0,11023,9497,4273,0,6805,5554,14,1000,0,6805,2000,3782,0
29641,200000,1,2,1,37,-2,-1,-1,-1,0,0,500,598,1946,11900,6344,4747,598,1950,11921,4,3,1201,1
12453,140000,1,1,2,27,-1,-1,-1,-1,-1,-1,776,0,776,380,1157,768,0,1552,380,1157,783,388,0
9458,190000,1,2,1,37,2,-1,0,0,-1,2,2461,8040,9640,0,5100,2350,8040,2000,0,5100,0,2792,1
7994,270000,2,3,1,30,-1,-1,-2,-2,-1,-1,3842,3934,0,0,3353,764,3934,0,0,3353,764,35532,0
24902,210000,1,5,1,31,2,0,0,0,0,-1,195615,199825,124788,126946,93925,-285,9234,5185,4900,4526,21787,152951,0
17185,260000,2,2,2,26,0,0,0,0,0,0,16150,17880,22248,26842,35997,55272,2000,5000,5000,10000,20000,15000,0
28429,300000,2,1,2,33,0,0,0,0,0,0,58719,60142,61577,62169,63374,59865,3000,3000,2300,2203,1858,1815,0
27679,130000,2,3,1,23,0,0,0,0,0,0,109592,113508,115633,96898,46425,0,5733,5659,4680,2325,0,0,0
7274,180000,2,2,1,32,0,0,0,0,-2,-2,8135,12621,17987,-99,-99,-99,5000,15000,0,0,0,13550,0
7423,60000,2,1,2,25,0,0,0,2,2,2,24066,24786,27050,26317,28200,28762,1414,2678,0,2310,1173,0,0
924,20000,2,1,2,24,-1,-1,2,-1,0,-1,1371,796,398,796,398,716,796,0,796,0,716,12111,0
13661,80000,2,2,2,26,0,0,-2,-2,-1,-1,35997,0,0,0,2345,2330,0,0,0,2345,2330,0,0
16955,20000,1,2,2,50,-1,-1,0,0,0,-2,1956,16568,15586,12800,0,0,16573,1551,5060,0,0,0,0
7528,50000,1,2,2,49,0,0,0,2,2,2,7282,8307,9709,9404,10254,9940,1300,1700,0,1000,0,200,0
26551,50000,2,3,1,51,0,0,0,0,0,0,22000,20454,21899,20895,11241,-861,2000,2100,2000,1000,0,39500,1
28668,300000,2,1,1,40,-2,-2,-2,-2,-2,-2,1529,3717,4541,5620,25,25,3717,4541,5620,25,0,7140,0
18984,120000,2,2,1,33,0,0,0,0,0,0,90575,88443,88681,87364,87742,87943,3204,3214,4001,3254,3325,3500,0
9704,10000,2,1,2,29,-1,-1,-1,-1,-1,-1,1727,1508,3096,3400,4522,-240,1508,3098,3400,4522,0,1000,0
20121,100000,2,2,2,42,0,0,0,0,0,0,117464,81625,81815,78927,77418,74657,2962,2986,2807,2686,2767,2909,1
18614,60000,2,1,2,27,1,-2,-2,-2,-1,0,-215,-215,-215,-215,13610,11132,0,0,0,13825,1132,378,0
945,50000,2,2,2,23,-2,-2,-2,-2,-2,-2,3779,3944,2118,2259,3527,1100,3955,2124,2266,3638,1303,0,0
14578,230000,1,1,1,40,0,0,0,0,0,0,87162,88801,87972,57846,57798,52071,4293,3000,1928,2000,2500,2000,0
11917,360000,1,3,1,55,0,0,0,0,0,-2,23439,19112,10730,20530,987,837,5000,1200,10000,987,0,1017,0
16509,20000,1,2,2,24,0,0,0,0,0,-1,3843,4110,4560,4567,4060,1035,1073,1258,1000,228,1035,0,0
15349,50000,2,2,1,37,0,0,0,0,0,-1,24380,23325,21940,20718,24048,5017,1366,1400,1200,5000,5017,71,0
16876,300000,1,1,2,43,-1,-1,-1,-1,0,0,163,2508,8534,14378,16245,19047,2508,8534,14378,4000,6550,0,0
11466,30000,2,1,2,24,0,0,0,0,0,0,28885,27924,27709,27457,26848,26407,1459,1414,952,1002,832,2698,0
29017,90000,2,2,1,46,-1,-1,-1,-1,-1,-1,1829,2793,696,546,846,846,2793,696,546,996,846,696,0
19536,270000,2,1,2,30,0,0,0,0,0,0,81488,76257,70685,66539,61069,56211,3000,5000,3000,2200,2100,3879,0
6522,60000,2,3,2,24,0,0,0,0,0,0,60491,61319,56550,43279,28289,28013,2560,1593,1348,1012,1016,1007,1
18129,50000,1,3,2,38,0,0,0,0,-2,-2,4269,5478,6190,0,0,0,1288,1000,0,0,0,0,0
9744,10000,1,3,2,24,-1,-1,0,0,0,0,273,8327,9379,9566,9766,10042,8327,1200,342,354,438,200,0
2591,360000,1,1,2,25,-1,-1,-1,0,0,-1,586,14074,5672,5084,3317,1646,14076,5672,0,0,1646,3875,0
12544,80000,2,3,2,28,0,0,0,0,0,0,77450,78100,76204,66876,66182,67199,3500,2600,2400,2500,2700,2300,0
2923,50000,2,2,2,23,0,0,0,0,0,0,25421,26704,26952,15673,13903,27775,2000,1000,3400,1500,25298,3961,0
7226,150000,1,1,2,33,0,0,0,0,0,0,78038,63176,52807,34199,32061,23682,5000,10116,5000,6000,3000,7000,0
22838,180000,2,1,1,35,-1,-1,-1,-1,0,0,37701,32003,32254,47186,54286,112040,32005,32270,47186,44286,86000,148225,0
23215,210000,2,1,2,39,-1,-1,-1,-1,0,-1,5119,20927,3702,3673,1883,384,20965,3702,3673,0,384,0,0
6793,30000,1,2,1,40,2,2,0,0,0,0,38001,34416,32515,28499,29133,29988,0,1634,796,865,1143,0,0
28674,190000,2,2,2,27,0,0,0,0,0,0,125739,126184,127189,122034,124837,128442,6000,6000,4000,5000,5000,7000,0
5104,240000,2,1,1,33,-2,-2,-1,0,-1,-1,9187,4740,5240,7795,3771,1891,5005,5240,4101,3771,1891,46438,0
21008,200000,1,2,1,47,-1,-1,0,0,0,0,42114,227075,217016,200316,169815,88071,235728,10000,5210,4009,3186,55152,1
21300,280000,1,2,1,53,0,0,0,0,0,-1,278127,42518,31900,21342,11500,2000,1700,1500,1400,2000,2000,2900,1
3546,90000,1,2,1,39,0,0,0,0,0,0,20612,21956,23280,23812,24377,24821,1676,2000,1220,1100,1000,1100,0
29427,80000,1,2,2,26,0,0,0,0,0,0,50442,51397,49991,47681,46900,45161,1816,1920,2063,1543,1400,1557,0
16370,500000,2,1,2,31,0,0,0,0,0,0,67475,72191,64130,45766,45324,55011,6000,2332,1219,5000,54000,110000,0
20630,220000,1,1,2,29,0,0,0,0,0,0,26012,25916,24998,23965,23865,23667,1410,1417,1333,731,1019,1045,0
865,200000,1,1,2,32,0,0,0,0,0,0,43515,44557,45574,49022,47459,49666,1739,1756,2662,1726,3000,2500,0
21511,30000,2,1,2,23,0,0,0,-1,0,0,10210,13754,-191,24149,25452,25104,6000,250,25000,2000,1000,1100,0
15406,130000,2,3,1,49,0,0,-2,-2,-2,-2,132571,-829,-829,-829,-829,-829,0,0,0,0,0,0,0
27863,270000,2,1,2,27,0,0,0,0,0,0,196192,200750,204418,197854,173743,149095,9000,9500,8929,7265,5400,5300,0
13303,300000,2,1,1,33,-1,-1,-1,-1,0,-1,356,1313,5273,4345,1106,1322,1320,5273,4598,0,2620,5956,0
6589,360000,1,1,1,47,0,-1,0,0,0,-1,10221,8337,9696,14332,21446,9476,8536,5000,8500,10000,9476,7000,0
26430,250000,2,1,2,39,-2,-2,-2,-2,-2,-2,0,632,316,0,316,632,632,316,0,316,632,150,0
5926,290000,2,2,1,53,-1,-1,-1,-1,-1,-1,1538,199,1440,1017,3798,4898,199,1440,1017,3798,4898,5034,0
18061,240000,1,2,1,34,0,0,0,0,0,0,225709,228893,232706,187325,129889,123680,8544,9257,8583,4292,5133,4257,0
1664,500000,2,1,2,36,-2,-2,-2,-2,-2,-2,-312,-2479,2479,2479,763,288,0,4958,0,763,0,14472,1
12935,230000,1,1,1,41,-2,-2,-2,-2,-2,-2,1552,792,19272,1172,1172,2246,792,19272,1172,1172,2246,1172,0
4971,110000,1,2,2,36,0,0,0,0,0,0,109345,111980,111563,106625,48631,49724,4400,4200,4406,1800,1900,1900,0
17317,50000,2,3,2,39,2,2,0,0,2,0,20039,19369,16586,18696,18100,18475,0,1280,2390,0,816,688,1
14166,210000,1,1,2,26,0,0,0,0,0,0,204824,209873,214775,111893,107697,105578,10000,10000,5000,4000,4000,4000,0
29992,210000,1,2,1,34,3,2,2,2,2,2,2500,2500,2500,2500,2500,2500,0,0,0,0,0,0,1
13475,130000,1,2,2,27,0,0,0,0,0,0,29078,30110,31119,31891,32429,33035,1506,1515,1287,1200,1341,1663,0
7818,50000,1,2,2,27,1,2,2,2,2,2,17654,17082,20088,19483,19742,19275,0,3300,0,1560,0,881,0
28862,510000,2,2,2,48,0,0,0,0,0,-1,113616,96756,72730,64746,24040,23791,9019,8000,20000,24040,23791,22503,0
25158,260000,2,2,1,37,1,-1,-1,-1,0,-1,0,312,920,37686,36523,574,312,920,37686,0,574,348,0
21494,250000,2,2,1,29,-1,-1,-1,0,0,0,390,0,49140,32699,32949,34150,0,49140,1596,5000,2000,1800,1
14916,470000,1,1,1,37,0,0,0,0,0,0,134561,226498,165474,120644,119006,110780,150055,7046,10000,15029,15017,10023,0
1436,100000,1,1,2,31,2,2,2,2,2,2,33752,32928,35572,34700,36942,36196,0,3200,0,2800,0,1511,1
28649,140000,2,2,1,34,0,0,0,0,0,0,141066,129173,116858,105786,93273,91207,4873,4691,4000,4000,4000,4000,0
4386,30000,2,3,2,45,0,0,0,0,-1,-1,28611,23312,19590,18447,15525,0,1352,1290,4150,15525,0,0,0
6742,40000,2,2,2,27,0,0,0,0,0,0,29009,34183,35606,37018,37184,38066,9000,2000,2000,1349,1500,1500,0
1555,110000,1,1,2,28,1,2,0,0,0,0,44278,41812,43095,46292,44744,36243,0,2000,5000,1514,1197,982,0
18103,50000,1,1,2,39,0,0,0,0,0,0,57436,58483,55825,54888,58115,57299,2055,2655,1862,4007,2517,37793,0
11016,70000,1,2,1,45,0,0,0,0,0,0,43050,43410,36226,29369,25873,26101,1888,1225,856,6000,1097,604,0
24455,210000,1,2,2,31,0,0,0,0,0,0,189650,127111,93208,88223,84175,80305,5000,4200,3100,3000,3100,3000,0
19489,150000,2,2,1,37,2,2,2,2,0,0,100390,108784,110405,106317,30906,31457,11600,4800,0,1240,1200,1200,0
26774,50000,1,2,2,25,2,2,2,2,2,-2,61143,58394,52805,52546,8959,9812,3000,0,1489,51285,1000,368,1
22480,200000,2,2,1,31,-1,2,-1,2,2,-1,2480,150,206,56,56,440,0,206,0,0,880,440,0
11641,80000,2,2,2,27,0,0,0,0,0,0,55647,57737,58577,60169,58426,58204,3000,3923,2500,2100,2200,2075,0
472,400000,2,2,2,41,0,0,0,0,0,0,366193,372700,375948,195991,152127,155182,14020,13595,6243,6007,6061,6012,0
1807,100000,2,2,1,58,0,0,0,0,0,0,101249,101476,94893,101301,101451,99319,3642,4230,10000,3582,5000,4133,0
20668,180000,1,1,2,28,0,0,0,0,0,0,26730,27757,28178,29055,59849,29840,1800,1500,2000,1400,1100,1400,0
4905,30000,2,2,2,22,0,0,0,0,2,0,25536,26635,27383,29061,28492,29850,1800,1500,2100,0,1800,1000,0
19650,180000,2,2,1,33,2,2,2,2,2,2,115166,122519,123087,126564,123040,129098,10800,4000,7000,0,8200,1500,1
16997,50000,2,2,2,22,0,0,-1,-1,-1,-1,8585,0,880,0,150,528,0,880,0,150,528,25775,0
28219,20000,2,2,2,47,0,0,0,-1,-1,-2,20151,19419,19864,4723,0,0,2000,2013,4731,0,0,0,0
21873,100000,2,1,1,25,0,0,-1,0,0,0,7565,460,98796,52079,40183,35796,28,103350,1722,1100,1300,2000,0
6486,50000,1,3,2,25,0,0,0,0,2,2,46277,47713,44006,29737,30615,29975,2500,2300,2500,1500,0,1000,0
509,80000,2,2,1,30,0,0,0,0,0,2,21507,13207,13997,10914,10685,5515,1700,1400,200,1000,0,500,0
20042,260000,2,2,1,48,0,0,0,0,0,0,85378,71870,72994,57382,58522,59748,2664,2376,2084,2095,2169,2182,0
19362,210000,2,2,1,33,-1,-1,-1,-1,-1,-1,7655,1644,2258,8241,428,3537,1644,2261,11008,428,3537,0,0
16777,50000,1,3,2,43,0,0,0,0,-1,0,50517,48230,42674,4593,18007,18230,2015,1882,2119,45800,662,1000,0
2644,360000,1,1,1,39,1,-2,-2,-2,-1,-1,0,0,0,0,691,7020,0,0,0,691,7020,0,0
17795,500000,2,1,2,51,1,-2,-2,-2,-2,-2,0,0,0,0,0,0,0,0,0,0,0,0,0
6648,160000,1,2,1,45,1,2,2,2,2,2,11569,11092,12900,12396,13692,13323,0,2000,0,1500,0,2000,0
2596,20000,1,3,2,41,0,0,0,0,0,0,9186,9459,10102,10452,10907,10400,1200,1200,500,1000,600,0,0
20637,100000,1,3,2,30,0,0,0,0,0,0,92218,78066,77240,87919,75386,69410,3435,4608,25140,2566,2375,4621,0
28387,60000,2,2,1,40,0,0,0,-1,-1,-1,28738,30216,23720,1569,5580,2211,4000,1010,1569,5580,2211,0,1
28457,100000,2,3,1,46,0,0,2,0,0,0,33699,32450,30160,22934,21876,22910,4500,0,1600,1000,2800,0,0
29080,400000,2,2,1,55,-1,-1,2,0,-1,0,530,5332,5101,6201,2173,2803,5101,6,2000,2173,2000,4500,0
16992,50000,2,2,2,22,2,2,2,2,2,2,36665,40362,39441,41318,13996,14974,4626,0,3003,0,1206,0,1
18627,120000,2,2,1,26,-1,-1,-1,-1,-2,-1,9267,29600,1980,0,0,10853,29600,1980,0,0,42138,26341,0
9005,130000,1,2,2,33,2,2,-1,-1,-2,-2,2183,2000,700,0,0,0,13,700,0,0,0,0,0
14796,10000,1,2,1,31,0,0,0,2,0,0,6106,7199,10215,9943,9758,9335,1200,4442,0,1200,1200,0,0
3239,150000,2,1,2,25,-1,-1,0,0,0,-1,3167,13680,12848,8445,6868,1310,13879,4000,0,0,1310,0,0
23747,200000,2,3,2,49,-1,-1,-1,-1,-1,-1,1801,181,4095,5711,21420,6719,181,4126,5711,21520,6719,150,0
28133,540000,2,3,2,38,1,-2,-2,-2,-2,-2,736,736,736,736,0,-736,736,736,736,0,0,2965,0
15410,140000,2,2,1,48,0,0,0,0,0,0,248822,246595,249664,253418,258909,255232,10000,10200,9000,9000,10000,10000,0
18559,310000,2,1,2,26,0,0,0,0,0,0,27638,24020,25223,25555,24311,17992,1393,1596,1447,93,118,56,0
29979,310000,1,2,1,39,0,0,0,0,0,0,238973,237196,233854,219409,216540,210675,10029,9218,10029,8049,8040,10059,0
13262,60000,2,2,1,60,8,7,6,5,4,3,69183,68216,66616,65016,63449,62149,0,0,0,0,0,0,0
7986,360000,2,1,2,32,-1,-1,-1,-1,0,-1,42524,53303,3924,43900,88865,12104,53563,3924,43900,50000,12104,960,0
24426,150000,1,2,1,41,0,0,0,0,0,0,140172,141528,141411,143748,147159,151185,5507,4007,5001,5003,6001,5000,0
27202,360000,1,2,1,38,-2,-2,-2,-2,-2,-2,1288,2508,2500,0,0,0,2520,2500,0,0,0,0,0
25364,20000,2,2,2,25,2,2,2,2,0,0,17496,16923,20319,19543,19534,19320,0,4000,0,391,386,249,0
7419,20000,1,2,1,59,1,-1,0,0,-1,-1,-1213,30322,20033,19871,15410,18969,52082,15800,2000,20085,39070,25000,0
17327,90000,2,2,3,36,0,0,0,0,0,0,91337,91458,91049,70101,28942,27508,4000,3137,5094,1106,1001,1201,0
22220,500000,2,1,2,29,0,0,0,0,0,0,36051,30912,33740,15272,17015,18740,2065,25099,2000,2000,2000,2000,0
6914,60000,1,2,1,39,0,0,0,0,0,0,59929,35338,22856,22122,19531,16594,2110,2000,200,467,500,4100,0
28296,280000,2,2,2,30,-1,-1,-1,-1,-1,-1,13182,5290,2711,4464,4069,5161,5290,2711,4476,4069,5161,8026,0
20562,180000,1,2,2,28,1,2,2,2,2,2,29484,30309,28313,942,1038,492,2000,942,0,492,0,600,0
8040,240000,1,1,2,35,1,-2,-2,-2,-2,-2,220,0,0,0,0,0,0,0,0,0,0,0,0
7952,50000,2,3,2,35,0,0,0,0,0,0,33507,32401,7087,7227,7378,7527,1108,1118,258,267,271,1147,0
18787,120000,2,1,2,27,-1,-1,-1,-1,-1,-1,22225,1118,490,1433,0,1096,1118,490,1433,0,1096,0,0
9896,70000,1,1,2,36,0,0,0,0,0,0,65275,68595,67916,56766,50395,42214,5000,3000,3000,3000,7000,7000,0
8024,360000,1,5,1,31,0,0,0,0,0,0,275178,280535,82455,83359,85171,87046,7500,3500,2500,2500,2600,3000,0
17505,220000,2,1,2,29,-2,-2,-2,-1,-1,-1,0,799,0,5501,3816,15448,799,0,5501,3816,15448,4179,0
20162,80000,2,2,1,37,0,0,0,0,0,0,63558,59812,68636,40659,32436,36658,2500,10000,3000,3000,5000,5000,0
5066,200000,2,1,1,32,1,-2,-2,-2,-2,-1,0,0,0,0,0,900,0,0,0,0,900,880,0
19475,270000,2,2,1,33,-1,-1,2,-1,0,0,7780,7365,3097,48546,47250,46649,2228,0,48546,2000,3000,3000,1
15951,50000,2,2,1,31,1,3,2,0,0,0,50701,49147,21163,19894,19758,19324,0,507,1300,1000,700,771,1
25159,30000,2,2,2,22,1,2,2,-1,2,2,22623,3019,-341,1129,1470,339,10,0,1470,341,0,12324,1
8838,450000,2,1,1,35,-1,-1,-1,-1,-1,-1,6126,6869,16895,7312,6213,5073,6869,16918,7316,6213,5073,15532,0
7409,30000,2,3,1,41,2,2,2,3,2,2,26042,27127,28762,29485,28878,30699,1800,2378,1496,0,2462,0,1
20784,500000,1,1,1,34,0,0,0,0,0,0,104638,104176,70726,45435,49408,53372,3780,3030,10327,10031,10255,115270,0
1335,300000,2,3,2,29,-2,-2,-2,-2,-2,-2,-140,28092,3572,195,209,990,28232,3589,195,210,994,0,1
11490,360000,2,1,1,48,-1,-1,-1,-1,-1,-1,8243,10742,3300,0,1270,0,10752,3300,0,1270,0,889,0
11369,180000,2,3,1,63,-1,-1,-2,-2,-2,-2,1344,0,0,0,0,0,0,0,0,0,0,0,1
7429,130000,2,1,2,32,0,0,0,0,0,0,126080,129104,130745,127344,127809,119976,7000,8000,5000,4500,4500,5000,0
25486,250000,2,1,2,31,0,0,0,0,0,0,67492,67875,67448,68165,68787,70111,3500,2658,3000,4000,3000,2500,0
27472,360000,1,2,1,50,0,0,0,-1,0,0,221855,256171,-229,10527,9564,0,46000,0,10756,5035,0,0,0
25385,240000,2,1,2,29,2,0,0,2,0,0,32870,34015,38257,37607,40924,43546,2000,5000,0,4000,3000,10000,1
26548,520000,2,3,1,54,0,0,0,0,0,0,653062,671563,689627,706864,383160,294641,28500,30500,30000,15000,15000,0,0
22955,400000,2,3,1,44,0,0,0,0,0,0,35504,36680,35670,30364,28085,28708,5025,5044,2514,988,2004,5000,0
22940,360000,2,2,2,33,0,0,0,0,0,0,7157,8446,9034,8340,3144,0,2000,1501,1000,900,0,0,0
28991,260000,2,1,1,35,-2,-2,-2,-2,-2,-2,0,0,0,0,0,5181,0,0,0,0,5181,0,0
18562,160000,2,2,2,25,0,0,0,0,0,0,156753,153392,143297,140984,120742,115637,10000,8000,7000,5000,5000,5000,0
23888,80000,1,2,1,27,0,0,0,0,2,0,58777,60201,61633,69160,26000,25000,3000,3000,9160,0,0,0,0
16624,80000,1,1,2,31,0,0,0,0,0,0,72840,74631,77329,78147,79785,76766,9000,5000,3000,3000,2501,3000,0
1149,140000,2,1,2,30,1,2,0,0,0,0,149389,145757,144229,144470,144386,120586,0,5350,5555,5836,4191,4341,0
7995,100000,2,2,2,23,-1,-1,-1,-1,-1,-1,694,650,687,620,0,627,656,687,620,0,627,3620,1
9528,50000,2,2,1,33,0,0,0,0,0,0,76025,78548,77882,79471,81121,1685,3750,1558,1589,1650,9980,0,1
4171,140000,1,1,2,27,-1,-1,-1,-1,-1,-1,13497,15680,3400,3218,16478,4078,15688,4000,3218,17000,4500,4448,0
22332,390000,2,1,2,30,0,0,0,0,0,0,7650,8500,4090,8342,7611,8018,3031,2010,6500,2000,1000,1000,0
20556,60000,1,1,2,28,0,0,2,2,0,0,59059,50579,24193,23511,24019,24481,3800,1900,0,1200,1000,3500,0
25742,30000,2,2,1,37,3,3,3,2,0,0,27672,28911,29163,28380,28636,30290,2000,1000,0,1000,2100,1500,1
23952,50000,1,2,2,24,0,0,0,-1,0,0,52359,51158,3957,52522,31921,29265,2064,1053,53874,1009,934,719,0
21140,210000,1,1,1,35,-1,-1,-1,-1,-2,-1,205,0,775,0,0,635,0,775,0,0,635,0,0
12743,170000,2,2,2,50,-1,-1,-1,-1,-1,-1,10072,2417,199,1628,0,4968,2417,199,1628,0,4968,0,0
18959,230000,2,1,1,30,0,0,0,0,-1,0,37719,30341,25981,24092,65840,56538,3025,5000,5000,65840,2000,2000,0
6428,100000,2,2,2,23,0,0,0,0,0,0,8002,7954,9777,10026,9657,9279,2000,2000,1000,504,1000,2000,0
11485,30000,2,1,2,23,2,2,2,2,2,2,25487,26513,27026,27871,29017,28403,1738,1251,1596,1742,0,1374,1
721,30000,2,2,2,22,0,0,2,0,0,0,23892,28459,25499,25778,28708,30520,5300,0,1000,3352,2300,0,0
17947,230000,1,2,1,43,0,0,0,0,0,2,3472,4053,4503,4964,4400,3979,1061,1275,1000,200,0,227,0
7317,230000,1,2,1,50,0,0,0,0,0,0,94314,96269,56058,57174,58371,59561,4082,1990,2003,2074,2115,2094,1
10931,320000,2,1,2,43,0,0,0,0,0,0,34702,76361,58124,70717,78149,70379,50390,20000,20000,15000,40000,40000,0
23401,210000,2,1,1,40,-2,-2,-2,-2,-2,-2,0,0,0,0,0,0,0,0,0,0,0,0,0
10419,500000,1,1,1,64,-2,-2,-2,-2,-2,-2,0,0,0,0,0,0,0,0,0,0,0,1063,1
3341,60000,1,2,2,41,0,-1,-1,-1,-1,-1,14895,6750,5784,5246,3760,11411,6750,5784,5246,3760,11411,7435,0
25585,30000,2,2,1,35,2,3,2,2,2,2,27223,26474,25344,25634,24924,26546,0,2000,1000,0,2026,0,1
11373,20000,2,4,2,22,0,0,0,0,0,0,17576,17632,18385,18657,8539,0,1500,1200,1000,1000,0,0,0
14494,120000,2,2,2,30,0,0,0,0,0,0,104801,100502,86478,81902,78616,80307,4000,2960,3833,2855,3000,3000,0
19735,150000,2,1,2,40,-2,-1,-1,-1,-1,-1,798,2305,1036,5022,3938,316,2309,1036,5048,3946,316,314,0
9149,10000,2,2,2,46,0,0,2,2,3,2,2496,4245,4525,5450,5073,4843,1800,500,1000,0,0,800,1
11458,130000,1,5,2,46,2,0,0,0,0,0,79705,59716,38343,37834,37429,36991,2475,1600,1300,1400,1400,2000,0
19355,30000,2,3,1,39,0,0,0,2,0,0,21173,22513,23826,20613,21269,22761,2000,2000,1000,1000,2000,2000,1
12943,240000,1,1,1,38,1,-2,-2,-2,-2,-1,0,0,0,0,0,690,0,0,0,0,690,0,0
11076,50000,1,3,3,45,-1,0,-1,-1,-1,-1,24077,22385,3000,5260,1025,5900,1000,3008,5260,1025,5900,2800,0
19098,50000,2,1,2,25,0,0,0,0,0,2,26240,26996,28056,29584,31595,30952,1500,1500,2000,2500,0,3000,0
26359,80000,2,3,1,32,2,0,0,0,2,0,26856,24758,23044,22919,21890,22003,1700,1400,2400,0,1000,1500,0
24242,90000,1,1,2,30,0,0,0,0,0,0,40768,41789,42913,44388,45348,48454,2000,2100,2500,2000,4000,0,0
19867,160000,2,2,1,39,0,0,-2,-2,-1,-1,106260,0,0,0,390,86188,0,0,0,390,86188,3272,0
8255,30000,1,1,2,22,0,-1,0,0,0,2,2949,19689,17681,17113,13368,11739,19689,2092,1500,1500,0,161,0
7237,280000,1,1,2,27,-1,-1,0,0,0,-1,6564,1333,21064,19969,578,35152,1334,21003,428,12,35152,892,0
9192,350000,2,2,3,44,2,2,-2,-2,-2,-1,52949,-4577,-4577,-2699,-2699,297301,3682,0,1878,0,300000,0,0
25785,80000,2,2,1,31,0,0,0,0,0,0,115293,75861,32282,32869,31988,48431,2006,2000,1520,888,16696,1700,0
13859,80000,1,2,1,25,0,0,0,0,0,0,77199,79640,48977,49369,49778,50404,3700,1600,1600,1610,1866,1200,0
6456,80000,2,1,2,28,1,2,2,2,2,2,53541,54694,55297,55788,57146,58351,2600,2100,2000,2400,2300,2315,0
12398,360000,2,1,1,46,1,-1,-1,-1,-1,-1,723,17392,-8,32170,680,6205,17392,0,32178,680,6205,18814,0
3136,100000,2,1,2,26,0,0,0,0,0,0,96353,99710,102093,97701,99322,98787,4900,5000,4000,3800,3710,4100,0
9970,150000,2,1,1,45,0,0,0,0,0,0,123580,126136,128709,131292,134011,136711,3575,3647,3678,3793,3835,3952,0
27761,80000,2,3,2,25,0,0,0,0,0,0,79986,80012,78748,76722,70370,64510,3000,3010,2700,2300,2500,2000,0
9742,60000,1,2,1,42,0,0,0,0,0,0,49244,48310,41746,25488,26199,28200,2000,2000,1000,1501,3000,1500,0
13807,50000,1,2,1,41,2,0,0,0,0,0,48958,48293,48999,7470,6406,3679,2572,2602,349,706,500,1000,1
7873,310000,2,1,1,25,0,0,0,0,0,0,184538,153625,142810,125869,107986,83461,5019,3872,3147,2912,5109,1604,0
7542,50000,1,2,2,22,-1,2,2,2,0,0,19875,19273,21133,19121,19663,20235,0,2500,0,1000,1050,600,1
27136,500000,1,2,1,47,-1,-1,-1,-1,-1,-1,18463,17849,12818,5674,11416,36000,18011,12818,5674,11416,36018,14537,0
10129,130000,2,2,1,37,1,2,2,2,0,0,67612,65997,70604,68904,70369,71682,0,6300,0,2700,2600,2800,1
3576,60000,1,3,2,28,2,2,2,2,2,2,53567,59629,60943,60716,58458,49529,6950,3250,1767,0,3654,0,0
28221,30000,2,2,1,33,3,2,2,7,7,7,2400,2400,2400,2400,2400,2400,0,0,0,0,0,0,1
7837,20000,1,2,2,23,-1,0,0,0,0,0,15879,15441,9124,12915,4305,18495,4000,2000,10000,500,16000,1000,0
4724,200000,2,2,2,31,0,0,0,0,-2,-2,8350,4750,5134,245,56,167,2001,1001,501,201,501,501,0
9069,30000,2,2,1,34,0,-1,-1,0,0,-1,27816,1250,24135,24745,22805,10745,1260,24135,1000,2000,10745,18572,0
3333,500000,1,1,1,59,-2,-2,-2,-2,-2,-2,0,0,994,3342,1240,700,0,994,3342,1240,700,2250,1
27541,180000,1,3,1,65,0,-1,0,0,0,0,191309,174775,174702,176816,180911,123229,175100,7000,5000,5309,5288,3000,1
20591,200000,1,2,1,29,-2,-2,-2,-2,-2,-2,1418,3052,3538,17091,2413,1301,3066,3555,17175,2435,1307,5839,0
28619,270000,2,4,2,42,-2,-2,-2,-2,-2,-2,14352,1843,9190,2072,637,238,1859,9190,2072,637,238,0,0
22799,360000,2,2,1,37,-2,-2,-2,-2,-2,-2,-5,-5,-5,-5,-5,-5,0,0,0,0,0,0,0
8980,190000,2,2,1,34,0,0,0,0,0,0,139569,101823,100209,85218,112672,76224,4500,40000,25000,35000,2897,20000,0
5769,320000,1,1,3,32,-1,-1,-1,-1,-1,-1,802,4929,2064,4365,1183,3287,4929,2064,4365,1183,3287,2810,0
7406,160000,2,4,1,39,1,-2,-2,-2,-2,-2,-18,-18,-18,-18,-18,-18,0,0,0,0,0,0,0
4442,50000,1,2,1,49,0,0,0,0,0,0,35623,12601,10527,10679,10734,11550,1168,1500,1000,1000,1000,1000,0
22430,150000,2,1,2,35,-1,2,2,2,2,2,15349,12834,25740,20995,21353,14453,0,15600,0,758,0,2580,0
20009,200000,2,1,2,31,0,0,0,0,0,0,90708,58787,104382,91888,88267,85471,2768,48617,3243,3000,3233,3000,0
22010,210000,2,1,2,28,0,-1,-1,-1,-1,-1,7457,1512,8475,5499,2960,670,1512,8475,5499,2960,670,25594,0
16360,230000,2,3,1,32,1,2,0,-1,0,-1,167419,16968,7226,1469,690,388,76,3742,1546,0,388,910,0
25434,100000,2,3,2,28,3,2,2,5,5,4,1250,1250,1250,1250,1250,650,0,0,0,0,0,0,0
2471,140000,2,1,2,29,2,2,2,2,2,2,97905,100152,100772,101562,103214,88085,4700,3200,3500,3193,0,2304,1
24856,50000,1,2,2,35,0,0,0,0,0,0,49986,46720,48166,49167,26032,26235,23800,2200,2150,1000,1000,1000,1
16771,40000,1,2,1,38,3,2,0,0,2,0,38291,37380,38180,40524,39720,39860,0,1706,3050,0,1565,1278,1
21956,280000,2,1,2,27,-1,-1,-1,-1,-1,-1,6585,4308,0,1265,1627,204,4308,0,1265,1638,204,3908,0
25907,60000,2,1,2,29,0,0,0,0,0,0,39553,40855,40870,39703,38600,40230,1969,1668,1609,1506,2379,0,0
22048,140000,2,2,1,28,-1,2,-1,-1,-1,-1,1953,1366,464,337,548,395,0,464,337,548,395,681,1
2271,70000,2,2,2,23,-1,0,0,0,0,0,3082,4370,9353,15282,20400,12915,1500,5353,6282,6342,2055,3257,0
14660,130000,1,2,2,32,-1,-1,-1,-1,-1,-1,1496,1496,1496,1496,1496,1496,1496,1496,1496,1496,1496,1496,0
18907,310000,2,1,2,28,0,0,0,-1,-1,-1,37085,23506,12191,13775,12377,34458,3817,1000,13775,12377,34458,1269,0
13803,50000,1,3,2,46,1,2,0,0,0,0,49220,48161,49310,49725,49910,48694,0,2000,1900,2007,2000,2012,1
11006,20000,1,2,1,35,0,0,0,0,0,-1,20139,19067,19787,19682,7468,2312,1480,1200,394,210,5546,0,1
13472,80000,1,1,2,26,0,0,0,0,0,0,83593,72883,67337,60807,59088,47829,2727,3170,1940,2200,1700,1708,0
19480,50000,2,3,2,35,0,0,-1,0,-1,0,54731,51080,45536,38745,37395,19247,1730,52014,1200,19959,1402,811,0
25872,80000,2,2,1,36,1,-2,-2,-2,-2,-2,4233,14233,15854,10000,10000,10000,14233,15854,10000,10000,10000,10000,0
15513,30000,1,2,1,37,2,2,2,2,2,2,19177,20054,20930,21291,20651,22110,1500,1500,1000,0,1801,1000,1
12189,100000,1,2,1,30,0,0,0,0,0,0,57998,60063,63925,68058,69273,56101,3000,5000,5305,3000,6600,0,1
5451,30000,1,2,2,49,-1,-1,-1,-1,-1,-1,1659,1473,390,390,390,1320,1473,390,390,390,1320,0,0
663,140000,2,1,2,37,-1,-1,-1,-2,-2,-1,1034,40000,0,0,0,510,40000,0,0,0,510,0,0
27231,200000,1,1,2,36,2,2,2,0,0,0,89082,91055,89064,90019,92850,98666,4000,0,3000,4000,7000,4000,1
16920,50000,1,3,1,52,2,2,2,2,4,3,36428,37530,38630,41774,40806,41357,2000,2000,4086,0,1500,1000,0
14176,500000,2,1,1,52,-2,-2,-2,-2,-2,-2,144430,50001,62622,166818,78909,40268,50133,62646,166853,79331,40268,66607,0
8309,80000,1,1,2,25,-2,-2,-2,-2,-2,-2,0,0,0,0,0,0,0,0,0,0,0,0,0
16315,130000,2,3,2,37,0,0,0,0,0,0,31280,32582,33328,34310,35059,44458,1813,1559,1541,1290,10000,1958,0
13679,20000,1,2,1,22,0,0,0,0,0,0,19356,19754,20279,19887,19887,0,1485,1400,398,0,0,0,0
25660,160000,2,2,1,33,0,-1,-1,-1,0,0,9765,2836,824,948,632,316,2836,824,948,0,0,316,0
20928,50000,1,1,1,33,0,0,2,0,0,0,40505,46745,45727,45515,45470,4220,6930,0,1200,155,3000,0,0
9012,300000,2,1,2,48,2,0,0,0,0,0,304040,305627,305697,269017,275230,260419,11500,12000,10000,10500,10000,10000,1
17064,30000,2,1,2,23,0,0,0,2,2,0,29047,30062,29659,29274,18770,13960,1508,3016,1730,16,1001,1000,1
828,10000,1,2,2,37,0,0,0,0,2,2,8755,8158,7540,8164,6963,5923,1167,1022,1036,0,2700,0,0
14370,210000,1,2,1,42,0,0,0,0,0,0,88498,168938,79989,69800,54256,48256,3555,2253,1404,1085,1652,5595,0
9079,10000,2,2,1,53,0,0,0,-2,-2,-2,9269,10400,0,0,0,0,1400,0,0,0,0,0,1
8772,320000,2,2,1,53,0,0,0,0,0,0,8513,151835,153327,155528,158745,161937,150000,8510,5000,4500,4544,5000,0
11467,220000,2,2,1,45,1,-1,0,-1,0,-1,0,6010,7069,43957,30693,13264,6010,1229,43957,614,13264,700,0
1750,120000,2,1,2,27,0,0,0,0,0,0,79072,80795,82451,84177,85945,87813,3000,3000,3100,3122,3300,3060,0
14519,20000,1,3,1,42,2,2,2,-2,-2,-2,13053,4078,0,0,0,0,16,0,0,0,0,0,1
14458,10000,1,2,3,28,0,0,0,0,0,0,5757,6805,7662,8034,8256,8957,1300,1128,500,500,1000,500,1
3852,20000,2,3,2,38,1,-1,-1,-1,-1,-2,0,3796,5081,888,0,0,3796,5081,888,0,0,0,1
4342,50000,1,2,1,32,0,0,0,0,0,0,46253,46117,46919,17459,17825,18193,1998,3000,625,647,664,649,0
9787,360000,1,1,1,32,-1,-1,-1,0,0,0,2612,3218,6989,2729,1436,-14,3234,7021,6,7,0,0,0
23474,450000,2,1,2,31,-1,-1,-2,-2,-1,0,2609,0,0,0,17855,3430,0,0,0,17855,0,2500,0
12299,100000,2,1,2,25,1,-1,-1,-1,-1,-1,0,460,0,85,60,520,460,0,85,60,520,0,0
20832,80000,1,3,1,42,-2,-2,-2,-2,-2,-2,390,1780,120,0,0,0,1780,360,0,0,0,0,0
15285,490000,2,1,2,41,0,0,0,0,0,0,250970,255009,248203,101770,63192,64720,10000,11547,4600,2000,2000,2000,0
15768,10000,2,2,2,23,0,0,0,0,0,2,5403,6462,7479,8489,9007,9227,1300,1272,1282,800,500,0,0
19906,500000,2,1,2,45,-1,-1,-1,0,-1,-1,290,5640,52858,151479,29343,2355,5692,52858,100756,29488,2365,8762,0
8506,80000,2,2,1,32,1,2,0,0,0,0,73181,71452,72651,74266,75892,75816,0,3000,2800,2800,2700,2800,0
29901,20000,1,2,2,29,0,0,-2,-2,-2,-2,16809,0,0,0,0,0,0,0,0,0,0,0,1
10100,240000,2,1,2,28,1,-1,-1,-1,-1,-1,0,1748,0,14944,968,10408,1748,0,14944,968,10408,0,1
2104,180000,1,1,2,30,0,0,0,0,0,0,139804,136528,57096,52694,50276,52945,7000,6000,3500,3500,3500,3900,0
15114,50000,1,1,2,51,1,-2,-2,-2,-2,-2,0,0,0,0,0,0,0,0,0,0,0,0,0
15321,170000,2,2,2,38,-2,-2,-2,-2,-2,-2,0,0,0,0,0,330,0,0,0,0,330,1290,1
24185,160000,1,1,2,28,0,0,0,0,0,0,157921,144659,154012,151403,115731,113635,6000,25409,30000,5000,5000,4500,0
28569,180000,2,3,1,40,0,0,0,-2,-2,-2,20909,24262,2079,792,1645,1645,4262,2083,792,1645,0,811,0
1214,80000,2,3,1,26,0,0,0,0,0,0,63677,64162,38141,38190,38586,39962,2000,1905,1350,1388,2401,1410,0
25358,180000,2,1,2,25,-1,0,0,0,0,0,62798,51923,51935,47383,32876,28915,1867,2501,1271,926,876,3004,0
13360,200000,2,1,2,29,0,-1,0,0,0,0,1467,439,2257,43720,43968,45182,439,2000,42000,1700,2000,1700,0
1142,30000,2,1,2,25,0,0,2,0,0,2,19801,20449,19798,20217,21435,19239,3000,0,700,1500,0,323,0
1095,50000,1,2,2,31,1,2,0,0,2,0,48657,45079,47714,19586,19143,20051,0,4300,2150,0,1204,1000,0
20936,50000,1,3,1,39,0,0,0,0,0,0,23257,22938,21583,22453,21618,19525,1333,1500,1274,700,700,688,0
258,160000,2,2,1,33,-1,-1,-1,-1,0,-1,8015,2453,9624,52572,7333,2210,2453,9880,52572,1546,2210,0,0
23458,80000,2,3,1,41,-1,-1,-1,-1,-1,-1,3526,10129,6100,6420,606,7228,10129,6100,6434,606,7228,14387,0
19274,150000,2,2,2,32,0,0,0,0,0,0,32428,32136,28151,27697,18981,6155,2000,1650,1500,1004,500,1000,0
24966,70000,1,2,2,38,0,0,0,0,0,0,48421,49620,49976,20882,16401,16903,2006,1362,1268,587,766,1000,0
29840,150000,1,5,1,36,0,0,0,0,0,0,216482,220889,133616,136378,139219,142172,5500,3800,3900,4000,4100,4100,0
9569,20000,1,2,2,25,0,0,0,0,0,0,19770,19463,20998,19468,36702,0,1465,4000,0,367,0,0,1
22943,80000,2,2,1,31,-2,-2,-2,-2,-2,-2,3506,2372,2988,273,0,1542,2372,2988,273,0,1542,3200,0
16017,140000,2,3,1,47,6,5,4,3,2,0,151790,147998,144280,139701,90756,92935,0,0,0,0,3000,2000,0
3028,80000,2,2,1,32,0,0,0,0,0,0,80237,69568,64469,54020,55852,44286,3000,2500,2000,3000,2000,1500,0
2674,470000,1,2,2,29,0,0,0,0,0,0,72830,49502,47771,52979,119678,94721,4003,4003,8003,70003,5030,6003,0
11392,230000,2,2,1,46,-1,-1,-1,-1,-1,-1,3503,3354,858,5505,2263,10352,3970,858,5505,2263,10352,13000,0
3905,160000,1,3,1,30,1,2,0,0,0,0,102867,82729,72583,60565,54651,48468,31,2609,2037,2010,2017,3012,0
20795,280000,1,1,2,35,1,-2,-2,-1,-1,-2,-2,399,182,4411,976,4968,401,183,4429,981,4992,4517,0
23237,300000,2,2,2,49,1,-2,-2,-2,-2,-2,0,0,0,0,0,0,0,0,0,0,0,0,0
11405,40000,1,1,2,24,0,0,0,2,0,0,36904,34372,38496,37580,38820,39693,1600,6700,0,2000,1700,1400,0
28465,150000,2,2,1,49,1,-1,-1,-1,-1,-1,0,970,8867,0,600,0,970,8867,0,600,0,0,0
13343,210000,2,1,2,33,-2,-2,-2,-2,-2,-2,0,0,0,0,0,0,0,0,0,0,0,0,0
3857,180000,2,1,2,24,0,0,0,0,0,0,64800,66747,67227,68398,70409,71408,4000,2600,2000,3000,2025,4791,0
10023,210000,2,2,1,41,-1,-1,-1,-1,-2,-2,17605,2032,106,-10,-10,-10,2164,106,0,0,0,0,0
27447,50000,1,3,2,33,0,0,-1,0,-1,0,8949,9745,30739,30266,14581,12930,1030,31117,2000,14840,259,0,0
18087,360000,1,3,1,36,-2,-2,-2,-2,-2,-2,222,1256,-9,1840,0,0,1256,0,1849,0,0,0,1
1001,100000,1,2,1,29,0,0,0,0,-1,-1,94453,95860,67782,-2618,95748,101299,3320,5000,0,100000,7186,0,0
1025,310000,1,2,2,33,-2,-2,-2,-2,-2,-2,4040,4048,3959,205,3199,5104,4068,3964,205,3209,5109,1434,0
22933,80000,2,1,1,32,-1,-1,-2,-2,-1,-1,1784,871,3179,3344,3552,0,871,3381,3384,3958,0,0,0
21416,100000,2,3,1,35,-1,-1,-1,-1,-1,-2,390,390,0,780,0,0,390,0,780,0,0,0,0
25447,20000,2,2,1,26,0,0,0,0,0,0,18141,17718,18058,18623,15692,15215,1600,1700,1509,1000,670,740,0
16473,130000,2,3,2,50,-1,-1,-1,-1,0,0,390,52180,206,3265,5661,7026,107767,206,3265,3000,2000,2000,0
28297,290000,2,1,2,31,-1,-1,-1,-1,-1,-1,21720,1240,3682,4694,5258,1248,1240,3682,4704,5258,1248,9600,0
19398,240000,2,1,1,33,0,0,0,0,0,0,95835,90385,85011,77329,50673,48723,4060,3181,3000,1500,3042,1377,0
1107,200000,2,1,1,41,-2,-2,-2,-2,-2,-2,7812,0,0,1115,0,0,0,0,1115,0,0,0,0
23367,30000,2,2,1,37,-2,-2,-2,-2,-2,-2,108,709,11726,2628,2659,4483,709,11726,2713,2659,4483,3676,0
17834,150000,1,2,1,25,-1,-1,-1,-1,-1,-2,890,-180,101,480,0,0,0,281,600,0,0,0,0
21762,90000,2,2,2,24,0,0,0,0,0,2,12750,15359,16404,17424,18925,18483,3155,1600,1600,2100,0,1500,0
12499,50000,1,3,1,48,0,0,0,0,-1,-1,45600,12404,7857,3181,2430,780,1800,1506,6,2430,780,0,0
23446,520000,2,2,1,47,-2,-2,-2,-2,-2,-2,76762,107039,19046,7359,16336,20040,107124,19058,7387,16475,20040,98205,0
19172,70000,2,3,2,38,0,0,0,0,0,0,70621,69821,68683,68771,55168,49674,2506,3500,2104,2015,2001,2102,0
8349,50000,2,2,1,53,0,0,2,0,0,0,13868,14307,14762,15232,16988,17912,2000,1000,1000,2000,1200,2000,1
13408,200000,2,1,2,39,0,0,0,0,0,0,155693,158710,133245,131906,135533,137809,6000,5000,4871,5905,5491,5000,0
11107,20000,1,3,2,43,1,-1,2,0,0,0,-20,780,780,1560,780,0,800,0,0,0,0,0,0
13052,80000,2,2,1,35,0,0,-2,-2,-2,-2,76978,0,0,0,0,0,0,0,0,0,0,0,0
808,20000,2,3,2,36,0,0,2,2,2,2,16754,18873,19862,19245,20532,19953,2400,1600,0,1600,209,0,1
29634,200000,1,2,2,31,-1,-1,2,-1,-1,-1,5433,20516,7973,6202,8549,6251,20710,23,6228,8574,6269,6411,0
14440,50000,2,1,2,31,3,3,4,3,2,5,27166,30190,29421,28652,34032,32913,3769,0,0,6000,0,0,1
11198,130000,1,3,1,54,3,3,2,0,0,0,131139,132596,127906,86109,81941,84545,6000,0,3029,4000,5000,3300,0
3500,260000,2,2,1,34,-2,-2,-2,-2,-2,-2,8214,2149,3065,750,0,0,2151,3065,750,0,0,377,1
29338,310000,1,2,2,26,-2,-2,-2,-2,-2,-2,2154,359,256,2513,795,250,360,257,2537,798,251,2064,0
19027,80000,2,2,1,29,0,0,0,0,0,0,63899,62048,49814,45292,43190,39457,2500,2500,2010,2000,2000,2000,1
8630,80000,1,1,2,31,0,0,0,0,0,0,46516,30122,24099,7764,4804,10221,15029,5048,229,303,6018,500,0
8633,100000,1,1,1,60,1,3,2,0,0,-1,8311,8031,5790,3860,2599,2712,0,0,0,0,2712,0,0
16451,30000,2,2,1,47,0,0,0,0,0,0,30567,58722,30077,29841,20075,12250,3778,1900,1019,26,1131,1209,0
23884,50000,1,2,2,23,-1,-1,2,0,0,0,45708,48316,44070,45021,45145,46470,6000,0,2000,2000,3000,3600,0
18741,240000,2,2,2,26,-1,-1,-1,-1,-1,-2,2335,2335,0,4670,0,0,2335,0,4670,0,0,0,0
9044,60000,1,1,2,31,1,-2,-2,-1,0,-1,0,-880,-2640,1760,880,3110,0,0,4400,0,3110,0,1
10647,30000,2,2,2,49,0,0,0,0,2,2,11554,12662,13744,14712,14334,15593,1300,1300,1200,0,1500,0,0
23191,340000,2,1,1,36,0,0,0,0,0,0,183898,185268,326074,276519,251815,218706,60075,160444,10143,7190,6283,5208,0
29197,50000,1,3,2,26,0,0,0,0,0,0,50343,24132,20109,19932,19762,10708,1319,1902,1200,30,1031,20201,0
15399,140000,2,2,2,49,-2,-2,-2,-2,-2,-2,1282,367,0,3794,0,865,367,0,3794,0,865,825,1
21444,190000,2,1,2,27,0,0,0,0,0,0,14671,15141,17574,18943,20405,42921,2000,3000,2000,2000,25921,1400,0
6849,300000,2,1,2,38,-2,-2,-2,-2,-2,-2,13548,13097,3025,4128,1726,-587,2060,2004,2003,1726,692,116422,0
15124,180000,1,2,1,53,-1,-1,-1,-1,-1,-1,316,316,316,316,316,316,316,316,316,316,316,466,1
10325,220000,1,3,1,39,0,0,0,0,0,-1,192815,208365,88004,31237,15980,529,20000,5003,3047,5000,1000,81000,0
26682,70000,1,1,2,27,0,0,0,0,-2,-1,64317,59944,30206,0,0,5000,2500,1000,0,0,5000,5862,0
28466,240000,2,1,1,40,-2,-2,-2,-2,-2,-2,0,0,0,0,0,0,0,0,0,0,0,0,1
16863,220000,1,1,1,35,-1,-1,-1,-1,0,-1,753,6213,762,5106,700,1364,6220,762,5806,0,1364,500,1
4146,50000,2,2,1,46,1,2,2,2,2,2,43244,42276,45235,45816,44970,47649,0,4000,1600,0,3400,0,1
16292,130000,2,2,1,34,0,0,0,0,-1,-1,9383,9380,7350,3488,3991,3077,1317,1268,1010,4003,3086,2406,0
1958,100000,2,2,2,37,0,0,0,0,0,0,107669,107529,73323,51125,46879,45538,3536,2821,3963,3147,2670,725,0
12511,50000,2,2,1,27,0,0,0,0,0,0,43583,35245,27520,25928,26470,27077,3100,1723,1100,1111,1200,1130,0
7852,260000,1,1,1,51,-1,-1,-1,-1,-1,-2,771,1593,419,529,0,4090,1596,437,529,0,4090,98,0
20146,420000,2,2,2,49,0,0,0,0,0,0,115505,113724,112976,111344,100648,94891,4044,4297,4773,3203,2951,2837,0
9580,50000,1,3,1,50,0,0,0,2,0,0,63889,65512,68764,14353,16110,17832,2800,4000,0,2000,2000,1000,0
26241,250000,2,2,2,33,0,0,0,0,0,0,147934,149485,152678,157337,159719,163649,5500,5600,7200,6500,6500,6000,0
22081,100000,2,2,2,28,2,0,0,2,2,2,21117,22163,26789,26065,27615,28122,1400,5000,0,2300,1100,1300,1
11607,460000,2,1,1,38,-1,-1,-1,-1,-1,-1,21203,21828,13776,8226,12497,4503,21833,13779,8226,12497,4503,5844,0
9677,60000,1,2,2,29,2,2,2,2,2,2,47631,48574,49476,50360,50509,52522,2000,2000,2000,1100,3000,0,0
18426,70000,2,2,2,23,2,3,2,2,0,0,64655,63031,64440,62816,63473,65112,0,3000,0,2300,2661,2035,0
4589,50000,1,2,1,43,2,0,0,0,0,0,30106,30566,30699,30038,29224,29346,1878,1641,1000,934,1109,960,1
2897,210000,2,2,2,37,1,-2,-2,-2,-2,-2,0,0,0,0,0,0,0,0,0,0,0,0,0
12395,20000,1,3,2,45,1,2,2,2,2,2,15748,16497,16928,17354,16934,18347,1300,1000,1000,0,1700,600,1
7266,360000,2,3,2,42,-2,-2,-2,-2,-2,-2,0,0,0,0,0,0,0,0,0,0,0,0,1
20766,50000,1,2,1,42,0,0,0,0,0,0,44637,40976,40134,16764,15215,16733,1880,1299,3007,1450,3000,3000,0
6928,130000,2,2,1,26,0,0,0,0,0,0,24579,23741,11666,11806,11081,11396,1187,1500,616,500,500,485,0
28183,360000,2,1,2,33,-1,0,0,0,0,0,5334,6849,68133,71708,58551,54678,3017,65009,6784,3041,5044,3042,1
4139,50000,2,1,2,26,0,0,0,0,0,0,48150,47684,47528,48525,45790,46764,1797,2113,2500,1742,1817,2000,0
12121,150000,1,3,1,27,2,2,2,2,0,0,183405,188959,192342,189717,195670,198611,10000,8000,2000,9000,8000,110000,0
12706,10000,2,2,2,22,2,0,0,0,0,0,7582,8502,9479,9669,9978,9928,1200,1136,326,444,199,0,1
13892,50000,1,2,2,46,0,0,0,0,0,0,29254,26289,21751,20154,16784,17352,1737,1300,668,8000,1000,3100,0
26594,380000,1,1,2,32,0,0,0,0,0,0,387851,349973,689643,334456,329981,292421,13070,13000,26000,20095,11000,11000,0
